Code Domaine,Domaine,Code zone (FAO),Zone,Code Élément,Élément,Code Produit,Produit,Code année,Année,Unité,Valeur,Symbole,Description du Symbole
"FBS","Nouveaux Bilans Alimentaire","2","Afghanistan","674","Disponibilité de protéines en quantité (g/personne/jour)","2901","Total General","2018","2018","g/personne/jour","55.52","Fc","Donnée calculée"
"FBS","Nouveaux Bilans Alimentaire","202","Afrique du Sud","674","Disponibilité de protéines en quantité (g/personne/jour)","2901","Total General","2018","2018","g/personne/jour","84.37","Fc","Donnée calculée"
"FBS","Nouveaux Bilans Alimentaire","3","Albanie","674","Disponibilité de protéines en quantité (g/personne/jour)","2901","Total General","2018","2018","g/personne/jour","115.74","Fc","Donnée calculée"
"FBS","Nouveaux Bilans Alimentaire","4","Algérie","674","Disponibilité de protéines en quantité (g/personne/jour)","2901","Total General","2018","2018","g/personne/jour","91.83","Fc","Donnée calculée"
"FBS","Nouveaux Bilans Alimentaire","79","Allemagne","674","Disponibilité de protéines en quantité (g/personne/jour)","2901","Total General","2018","2018","g/personne/jour","105.4","Fc","Donnée calculée"
"FBS","Nouveaux Bilans Alimentaire","7","Angola","674","Disponibilité de protéines en quantité (g/personne/jour)","2901","Total General","2018","2018","g/personne/jour","53.05","Fc","Donnée calculée"
"FBS","Nouveaux Bilans Alimentaire","8","Antigua-et-Barbuda","674","Disponibilité de protéines en quantité (g/personne/jour)","2901","Total General","2018","2018","g/personne/jour","80.19","Fc","Donnée calculée"
"FBS","Nouveaux Bilans Alimentaire","194","Arabie saoudite","674","Disponibilité de protéines en quantité (g/personne/jour)","2901","Total General","2018","2018","g/personne/jour","86.94","Fc","Donnée calculée"
"FBS","Nouveaux Bilans Alimentaire","9","Argentine","674","Disponibilité de protéines en quantité (g/personne/jour)","2901","Total General","2018","2018","g/personne/jour","106.77","Fc","Donnée calculée"
"FBS","Nouveaux Bilans Alimentaire","1","Arménie","674","Disponibilité de protéines en quantité (g/personne/jour)","2901","Total General","2018","2018","g/personne/jour","94.35","Fc","Donnée calculée"
"FBS","Nouveaux Bilans Alimentaire","10","Australie","674","Disponibilité de protéines en quantité (g/personne/jour)","2901","Total General","2018","2018","g/personne/jour","105.94","Fc","Donnée calculée"
"FBS","Nouveaux Bilans Alimentaire","11","Autriche","674","Disponibilité de protéines en quantité (g/personne/jour)","2901","Total General","2018","2018","g/personne/jour","109.12","Fc","Donnée calculée"
"FBS","Nouveaux Bilans Alimentaire","52","Azerbaïdjan","674","Disponibilité de protéines en quantité (g/personne/jour)","2901","Total General","2018","2018","g/personne/jour","94.42","Fc","Donnée calculée"
"FBS","Nouveaux Bilans Alimentaire","12","Bahamas","674","Disponibilité de protéines en quantité (g/personne/jour)","2901","Total General","2018","2018","g/personne/jour","80.69","Fc","Donnée calculée"
"FBS","Nouveaux Bilans Alimentaire","16","Bangladesh","674","Disponibilité de protéines en quantité (g/personne/jour)","2901","Total General","2018","2018","g/personne/jour","60.73","Fc","Donnée calculée"
"FBS","Nouveaux Bilans Alimentaire","14","Barbade","674","Disponibilité de protéines en quantité (g/personne/jour)","2901","Total General","2018","2018","g/personne/jour","88.69","Fc","Donnée calculée"
"FBS","Nouveaux Bilans Alimentaire","57","Bélarus","674","Disponibilité de protéines en quantité (g/personne/jour)","2901","Total General","2018","2018","g/personne/jour","91.95","Fc","Donnée calculée"
"FBS","Nouveaux Bilans Alimentaire","255","Belgique","674","Disponibilité de protéines en quantité (g/personne/jour)","2901","Total General","2018","2018","g/personne/jour","99.87","Fc","Donnée calculée"
"FBS","Nouveaux Bilans Alimentaire","23","Belize","674","Disponibilité de protéines en quantité (g/personne/jour)","2901","Total General","2018","2018","g/personne/jour","71.93","Fc","Donnée calculée"
"FBS","Nouveaux Bilans Alimentaire","53","Bénin","674","Disponibilité de protéines en quantité (g/personne/jour)","2901","Total General","2018","2018","g/personne/jour","63.97","Fc","Donnée calculée"
"FBS","Nouveaux Bilans Alimentaire","19","Bolivie (État plurinational de)","674","Disponibilité de protéines en quantité (g/personne/jour)","2901","Total General","2018","2018","g/personne/jour","73.24","Fc","Donnée calculée"
"FBS","Nouveaux Bilans Alimentaire","80","Bosnie-Herzégovine","674","Disponibilité de protéines en quantité (g/personne/jour)","2901","Total General","2018","2018","g/personne/jour","98.82","Fc","Donnée calculée"
"FBS","Nouveaux Bilans Alimentaire","20","Botswana","674","Disponibilité de protéines en quantité (g/personne/jour)","2901","Total General","2018","2018","g/personne/jour","65.89","Fc","Donnée calculée"
"FBS","Nouveaux Bilans Alimentaire","21","Brésil","674","Disponibilité de protéines en quantité (g/personne/jour)","2901","Total General","2018","2018","g/personne/jour","95.68","Fc","Donnée calculée"
"FBS","Nouveaux Bilans Alimentaire","27","Bulgarie","674","Disponibilité de protéines en quantité (g/personne/jour)","2901","Total General","2018","2018","g/personne/jour","83.26","Fc","Donnée calculée"
"FBS","Nouveaux Bilans Alimentaire","233","Burkina Faso","674","Disponibilité de protéines en quantité (g/personne/jour)","2901","Total General","2018","2018","g/personne/jour","80.16","Fc","Donnée calculée"
"FBS","Nouveaux Bilans Alimentaire","35","Cabo Verde","674","Disponibilité de protéines en quantité (g/personne/jour)","2901","Total General","2018","2018","g/personne/jour","70.86","Fc","Donnée calculée"
"FBS","Nouveaux Bilans Alimentaire","115","Cambodge","674","Disponibilité de protéines en quantité (g/personne/jour)","2901","Total General","2018","2018","g/personne/jour","65.95","Fc","Donnée calculée"
"FBS","Nouveaux Bilans Alimentaire","32","Cameroun","674","Disponibilité de protéines en quantité (g/personne/jour)","2901","Total General","2018","2018","g/personne/jour","71.89","Fc","Donnée calculée"
"FBS","Nouveaux Bilans Alimentaire","33","Canada","674","Disponibilité de protéines en quantité (g/personne/jour)","2901","Total General","2018","2018","g/personne/jour","104.12","Fc","Donnée calculée"
"FBS","Nouveaux Bilans Alimentaire","40","Chili","674","Disponibilité de protéines en quantité (g/personne/jour)","2901","Total General","2018","2018","g/personne/jour","91.64","Fc","Donnée calculée"
"FBS","Nouveaux Bilans Alimentaire","351","Chine","674","Disponibilité de protéines en quantité (g/personne/jour)","2901","Total General","2018","2018","g/personne/jour","101.55","Fc","Donnée calculée"
"FBS","Nouveaux Bilans Alimentaire","96","Chine - RAS de Hong-Kong","674","Disponibilité de protéines en quantité (g/personne/jour)","2901","Total General","2018","2018","g/personne/jour","128.53","Fc","Donnée calculée"
"FBS","Nouveaux Bilans Alimentaire","128","Chine - RAS de Macao","674","Disponibilité de protéines en quantité (g/personne/jour)","2901","Total General","2018","2018","g/personne/jour","109.47","Fc","Donnée calculée"
"FBS","Nouveaux Bilans Alimentaire","41","Chine, continentale","674","Disponibilité de protéines en quantité (g/personne/jour)","2901","Total General","2018","2018","g/personne/jour","101.66","Fc","Donnée calculée"
"FBS","Nouveaux Bilans Alimentaire","214","Chine, Taiwan Province de","674","Disponibilité de protéines en quantité (g/personne/jour)","2901","Total General","2018","2018","g/personne/jour","86.2","Fc","Donnée calculée"
"FBS","Nouveaux Bilans Alimentaire","50","Chypre","674","Disponibilité de protéines en quantité (g/personne/jour)","2901","Total General","2018","2018","g/personne/jour","91.67","Fc","Donnée calculée"
"FBS","Nouveaux Bilans Alimentaire","44","Colombie","674","Disponibilité de protéines en quantité (g/personne/jour)","2901","Total General","2018","2018","g/personne/jour","72.92","Fc","Donnée calculée"
"FBS","Nouveaux Bilans Alimentaire","46","Congo","674","Disponibilité de protéines en quantité (g/personne/jour)","2901","Total General","2018","2018","g/personne/jour","58.16","Fc","Donnée calculée"
"FBS","Nouveaux Bilans Alimentaire","48","Costa Rica","674","Disponibilité de protéines en quantité (g/personne/jour)","2901","Total General","2018","2018","g/personne/jour","82.42","Fc","Donnée calculée"
"FBS","Nouveaux Bilans Alimentaire","107","Côte d'Ivoire","674","Disponibilité de protéines en quantité (g/personne/jour)","2901","Total General","2018","2018","g/personne/jour","57.61","Fc","Donnée calculée"
"FBS","Nouveaux Bilans Alimentaire","98","Croatie","674","Disponibilité de protéines en quantité (g/personne/jour)","2901","Total General","2018","2018","g/personne/jour","90.6","Fc","Donnée calculée"
"FBS","Nouveaux Bilans Alimentaire","49","Cuba","674","Disponibilité de protéines en quantité (g/personne/jour)","2901","Total General","2018","2018","g/personne/jour","84.89","Fc","Donnée calculée"
"FBS","Nouveaux Bilans Alimentaire","54","Danemark","674","Disponibilité de protéines en quantité (g/personne/jour)","2901","Total General","2018","2018","g/personne/jour","117.08","Fc","Donnée calculée"
"FBS","Nouveaux Bilans Alimentaire","72","Djibouti","674","Disponibilité de protéines en quantité (g/personne/jour)","2901","Total General","2018","2018","g/personne/jour","65.75","Fc","Donnée calculée"
"FBS","Nouveaux Bilans Alimentaire","55","Dominique","674","Disponibilité de protéines en quantité (g/personne/jour)","2901","Total General","2018","2018","g/personne/jour","79.08","Fc","Donnée calculée"
"FBS","Nouveaux Bilans Alimentaire","59","Égypte","674","Disponibilité de protéines en quantité (g/personne/jour)","2901","Total General","2018","2018","g/personne/jour","97.52","Fc","Donnée calculée"
"FBS","Nouveaux Bilans Alimentaire","60","El Salvador","674","Disponibilité de protéines en quantité (g/personne/jour)","2901","Total General","2018","2018","g/personne/jour","77.03","Fc","Donnée calculée"
"FBS","Nouveaux Bilans Alimentaire","225","Émirats arabes unis","674","Disponibilité de protéines en quantité (g/personne/jour)","2901","Total General","2018","2018","g/personne/jour","110.26","Fc","Donnée calculée"
"FBS","Nouveaux Bilans Alimentaire","58","Équateur","674","Disponibilité de protéines en quantité (g/personne/jour)","2901","Total General","2018","2018","g/personne/jour","65.96","Fc","Donnée calculée"
"FBS","Nouveaux Bilans Alimentaire","203","Espagne","674","Disponibilité de protéines en quantité (g/personne/jour)","2901","Total General","2018","2018","g/personne/jour","107.55","Fc","Donnée calculée"
"FBS","Nouveaux Bilans Alimentaire","63","Estonie","674","Disponibilité de protéines en quantité (g/personne/jour)","2901","Total General","2018","2018","g/personne/jour","105.38","Fc","Donnée calculée"
"FBS","Nouveaux Bilans Alimentaire","209","Eswatini","674","Disponibilité de protéines en quantité (g/personne/jour)","2901","Total General","2018","2018","g/personne/jour","62.07","Fc","Donnée calculée"
"FBS","Nouveaux Bilans Alimentaire","231","États-Unis d'Amérique","674","Disponibilité de protéines en quantité (g/personne/jour)","2901","Total General","2018","2018","g/personne/jour","113.74","Fc","Donnée calculée"
"FBS","Nouveaux Bilans Alimentaire","238","Éthiopie","674","Disponibilité de protéines en quantité (g/personne/jour)","2901","Total General","2018","2018","g/personne/jour","66.33","Fc","Donnée calculée"
"FBS","Nouveaux Bilans Alimentaire","185","Fédération de Russie","674","Disponibilité de protéines en quantité (g/personne/jour)","2901","Total General","2018","2018","g/personne/jour","101.4","Fc","Donnée calculée"
"FBS","Nouveaux Bilans Alimentaire","66","Fidji","674","Disponibilité de protéines en quantité (g/personne/jour)","2901","Total General","2018","2018","g/personne/jour","71.14","Fc","Donnée calculée"
"FBS","Nouveaux Bilans Alimentaire","67","Finlande","674","Disponibilité de protéines en quantité (g/personne/jour)","2901","Total General","2018","2018","g/personne/jour","117.99","Fc","Donnée calculée"
"FBS","Nouveaux Bilans Alimentaire","68","France","674","Disponibilité de protéines en quantité (g/personne/jour)","2901","Total General","2018","2018","g/personne/jour","108.25","Fc","Donnée calculée"
"FBS","Nouveaux Bilans Alimentaire","74","Gabon","674","Disponibilité de protéines en quantité (g/personne/jour)","2901","Total General","2018","2018","g/personne/jour","79.18","Fc","Donnée calculée"
"FBS","Nouveaux Bilans Alimentaire","75","Gambie","674","Disponibilité de protéines en quantité (g/personne/jour)","2901","Total General","2018","2018","g/personne/jour","65.81","Fc","Donnée calculée"
"FBS","Nouveaux Bilans Alimentaire","73","Géorgie","674","Disponibilité de protéines en quantité (g/personne/jour)","2901","Total General","2018","2018","g/personne/jour","76.77","Fc","Donnée calculée"
"FBS","Nouveaux Bilans Alimentaire","81","Ghana","674","Disponibilité de protéines en quantité (g/personne/jour)","2901","Total General","2018","2018","g/personne/jour","61.6","Fc","Donnée calculée"
"FBS","Nouveaux Bilans Alimentaire","84","Grèce","674","Disponibilité de protéines en quantité (g/personne/jour)","2901","Total General","2018","2018","g/personne/jour","108.16","Fc","Donnée calculée"
"FBS","Nouveaux Bilans Alimentaire","86","Grenade","674","Disponibilité de protéines en quantité (g/personne/jour)","2901","Total General","2018","2018","g/personne/jour","71.32","Fc","Donnée calculée"
"FBS","Nouveaux Bilans Alimentaire","89","Guatemala","674","Disponibilité de protéines en quantité (g/personne/jour)","2901","Total General","2018","2018","g/personne/jour","68.99","Fc","Donnée calculée"
"FBS","Nouveaux Bilans Alimentaire","90","Guinée","674","Disponibilité de protéines en quantité (g/personne/jour)","2901","Total General","2018","2018","g/personne/jour","57.4","Fc","Donnée calculée"
"FBS","Nouveaux Bilans Alimentaire","175","Guinée-Bissau","674","Disponibilité de protéines en quantité (g/personne/jour)","2901","Total General","2018","2018","g/personne/jour","43.27","Fc","Donnée calculée"
"FBS","Nouveaux Bilans Alimentaire","91","Guyana","674","Disponibilité de protéines en quantité (g/personne/jour)","2901","Total General","2018","2018","g/personne/jour","86.51","Fc","Donnée calculée"
"FBS","Nouveaux Bilans Alimentaire","93","Haïti","674","Disponibilité de protéines en quantité (g/personne/jour)","2901","Total General","2018","2018","g/personne/jour","49.62","Fc","Donnée calculée"
"FBS","Nouveaux Bilans Alimentaire","95","Honduras","674","Disponibilité de protéines en quantité (g/personne/jour)","2901","Total General","2018","2018","g/personne/jour","62.95","Fc","Donnée calculée"
"FBS","Nouveaux Bilans Alimentaire","97","Hongrie","674","Disponibilité de protéines en quantité (g/personne/jour)","2901","Total General","2018","2018","g/personne/jour","89.64","Fc","Donnée calculée"
"FBS","Nouveaux Bilans Alimentaire","25","Îles Salomon","674","Disponibilité de protéines en quantité (g/personne/jour)","2901","Total General","2018","2018","g/personne/jour","53.14","Fc","Donnée calculée"
"FBS","Nouveaux Bilans Alimentaire","100","Inde","674","Disponibilité de protéines en quantité (g/personne/jour)","2901","Total General","2018","2018","g/personne/jour","63.35","Fc","Donnée calculée"
"FBS","Nouveaux Bilans Alimentaire","101","Indonésie","674","Disponibilité de protéines en quantité (g/personne/jour)","2901","Total General","2018","2018","g/personne/jour","67.34","Fc","Donnée calculée"
"FBS","Nouveaux Bilans Alimentaire","102","Iran (République islamique d')","674","Disponibilité de protéines en quantité (g/personne/jour)","2901","Total General","2018","2018","g/personne/jour","85.73","Fc","Donnée calculée"
"FBS","Nouveaux Bilans Alimentaire","103","Iraq","674","Disponibilité de protéines en quantité (g/personne/jour)","2901","Total General","2018","2018","g/personne/jour","65.53","Fc","Donnée calculée"
"FBS","Nouveaux Bilans Alimentaire","104","Irlande","674","Disponibilité de protéines en quantité (g/personne/jour)","2901","Total General","2018","2018","g/personne/jour","117.58","Fc","Donnée calculée"
"FBS","Nouveaux Bilans Alimentaire","99","Islande","674","Disponibilité de protéines en quantité (g/personne/jour)","2901","Total General","2018","2018","g/personne/jour","146.13","Fc","Donnée calculée"
"FBS","Nouveaux Bilans Alimentaire","105","Israël","674","Disponibilité de protéines en quantité (g/personne/jour)","2901","Total General","2018","2018","g/personne/jour","126.94","Fc","Donnée calculée"
"FBS","Nouveaux Bilans Alimentaire","106","Italie","674","Disponibilité de protéines en quantité (g/personne/jour)","2901","Total General","2018","2018","g/personne/jour","106.56","Fc","Donnée calculée"
"FBS","Nouveaux Bilans Alimentaire","109","Jamaïque","674","Disponibilité de protéines en quantité (g/personne/jour)","2901","Total General","2018","2018","g/personne/jour","75.95","Fc","Donnée calculée"
"FBS","Nouveaux Bilans Alimentaire","110","Japon","674","Disponibilité de protéines en quantité (g/personne/jour)","2901","Total General","2018","2018","g/personne/jour","87.36","Fc","Donnée calculée"
"FBS","Nouveaux Bilans Alimentaire","112","Jordanie","674","Disponibilité de protéines en quantité (g/personne/jour)","2901","Total General","2018","2018","g/personne/jour","69.21","Fc","Donnée calculée"
"FBS","Nouveaux Bilans Alimentaire","108","Kazakhstan","674","Disponibilité de protéines en quantité (g/personne/jour)","2901","Total General","2018","2018","g/personne/jour","91.49","Fc","Donnée calculée"
"FBS","Nouveaux Bilans Alimentaire","114","Kenya","674","Disponibilité de protéines en quantité (g/personne/jour)","2901","Total General","2018","2018","g/personne/jour","61.75","Fc","Donnée calculée"
"FBS","Nouveaux Bilans Alimentaire","113","Kirghizistan","674","Disponibilité de protéines en quantité (g/personne/jour)","2901","Total General","2018","2018","g/personne/jour","84.41","Fc","Donnée calculée"
"FBS","Nouveaux Bilans Alimentaire","83","Kiribati","674","Disponibilité de protéines en quantité (g/personne/jour)","2901","Total General","2018","2018","g/personne/jour","73.57","Fc","Donnée calculée"
"FBS","Nouveaux Bilans Alimentaire","118","Koweït","674","Disponibilité de protéines en quantité (g/personne/jour)","2901","Total General","2018","2018","g/personne/jour","103.21","Fc","Donnée calculée"
"FBS","Nouveaux Bilans Alimentaire","122","Lesotho","674","Disponibilité de protéines en quantité (g/personne/jour)","2901","Total General","2018","2018","g/personne/jour","66.7","Fc","Donnée calculée"
"FBS","Nouveaux Bilans Alimentaire","119","Lettonie","674","Disponibilité de protéines en quantité (g/personne/jour)","2901","Total General","2018","2018","g/personne/jour","102.72","Fc","Donnée calculée"
"FBS","Nouveaux Bilans Alimentaire","121","Liban","674","Disponibilité de protéines en quantité (g/personne/jour)","2901","Total General","2018","2018","g/personne/jour","69.15","Fc","Donnée calculée"
"FBS","Nouveaux Bilans Alimentaire","123","Libéria","674","Disponibilité de protéines en quantité (g/personne/jour)","2901","Total General","2018","2018","g/personne/jour","42.78","Fc","Donnée calculée"
"FBS","Nouveaux Bilans Alimentaire","126","Lituanie","674","Disponibilité de protéines en quantité (g/personne/jour)","2901","Total General","2018","2018","g/personne/jour","126.65","Fc","Donnée calculée"
"FBS","Nouveaux Bilans Alimentaire","256","Luxembourg","674","Disponibilité de protéines en quantité (g/personne/jour)","2901","Total General","2018","2018","g/personne/jour","108.65","Fc","Donnée calculée"
"FBS","Nouveaux Bilans Alimentaire","154","Macédoine du Nord","674","Disponibilité de protéines en quantité (g/personne/jour)","2901","Total General","2018","2018","g/personne/jour","84.49","Fc","Donnée calculée"
"FBS","Nouveaux Bilans Alimentaire","129","Madagascar","674","Disponibilité de protéines en quantité (g/personne/jour)","2901","Total General","2018","2018","g/personne/jour","44.17","Fc","Donnée calculée"
"FBS","Nouveaux Bilans Alimentaire","131","Malaisie","674","Disponibilité de protéines en quantité (g/personne/jour)","2901","Total General","2018","2018","g/personne/jour","77.45","Fc","Donnée calculée"
"FBS","Nouveaux Bilans Alimentaire","130","Malawi","674","Disponibilité de protéines en quantité (g/personne/jour)","2901","Total General","2018","2018","g/personne/jour","67.07","Fc","Donnée calculée"
"FBS","Nouveaux Bilans Alimentaire","132","Maldives","674","Disponibilité de protéines en quantité (g/personne/jour)","2901","Total General","2018","2018","g/personne/jour","81.29","Fc","Donnée calculée"
"FBS","Nouveaux Bilans Alimentaire","133","Mali","674","Disponibilité de protéines en quantité (g/personne/jour)","2901","Total General","2018","2018","g/personne/jour","83.59","Fc","Donnée calculée"
"FBS","Nouveaux Bilans Alimentaire","134","Malte","674","Disponibilité de protéines en quantité (g/personne/jour)","2901","Total General","2018","2018","g/personne/jour","116.4","Fc","Donnée calculée"
"FBS","Nouveaux Bilans Alimentaire","143","Maroc","674","Disponibilité de protéines en quantité (g/personne/jour)","2901","Total General","2018","2018","g/personne/jour","101.08","Fc","Donnée calculée"
"FBS","Nouveaux Bilans Alimentaire","137","Maurice","674","Disponibilité de protéines en quantité (g/personne/jour)","2901","Total General","2018","2018","g/personne/jour","88.93","Fc","Donnée calculée"
"FBS","Nouveaux Bilans Alimentaire","136","Mauritanie","674","Disponibilité de protéines en quantité (g/personne/jour)","2901","Total General","2018","2018","g/personne/jour","82.12","Fc","Donnée calculée"
"FBS","Nouveaux Bilans Alimentaire","138","Mexique","674","Disponibilité de protéines en quantité (g/personne/jour)","2901","Total General","2018","2018","g/personne/jour","91.5","Fc","Donnée calculée"
"FBS","Nouveaux Bilans Alimentaire","141","Mongolie","674","Disponibilité de protéines en quantité (g/personne/jour)","2901","Total General","2018","2018","g/personne/jour","87.31","Fc","Donnée calculée"
"FBS","Nouveaux Bilans Alimentaire","273","Monténégro","674","Disponibilité de protéines en quantité (g/personne/jour)","2901","Total General","2018","2018","g/personne/jour","114.53","Fc","Donnée calculée"
"FBS","Nouveaux Bilans Alimentaire","144","Mozambique","674","Disponibilité de protéines en quantité (g/personne/jour)","2901","Total General","2018","2018","g/personne/jour","42.41","Fc","Donnée calculée"
"FBS","Nouveaux Bilans Alimentaire","28","Myanmar","674","Disponibilité de protéines en quantité (g/personne/jour)","2901","Total General","2018","2018","g/personne/jour","90.64","Fc","Donnée calculée"
"FBS","Nouveaux Bilans Alimentaire","147","Namibie","674","Disponibilité de protéines en quantité (g/personne/jour)","2901","Total General","2018","2018","g/personne/jour","65.78","Fc","Donnée calculée"
"FBS","Nouveaux Bilans Alimentaire","149","Népal","674","Disponibilité de protéines en quantité (g/personne/jour)","2901","Total General","2018","2018","g/personne/jour","74.34","Fc","Donnée calculée"
"FBS","Nouveaux Bilans Alimentaire","157","Nicaragua","674","Disponibilité de protéines en quantité (g/personne/jour)","2901","Total General","2018","2018","g/personne/jour","63.53","Fc","Donnée calculée"
"FBS","Nouveaux Bilans Alimentaire","158","Niger","674","Disponibilité de protéines en quantité (g/personne/jour)","2901","Total General","2018","2018","g/personne/jour","82.6","Fc","Donnée calculée"
"FBS","Nouveaux Bilans Alimentaire","159","Nigéria","674","Disponibilité de protéines en quantité (g/personne/jour)","2901","Total General","2018","2018","g/personne/jour","58.62","Fc","Donnée calculée"
"FBS","Nouveaux Bilans Alimentaire","162","Norvège","674","Disponibilité de protéines en quantité (g/personne/jour)","2901","Total General","2018","2018","g/personne/jour","113.43","Fc","Donnée calculée"
"FBS","Nouveaux Bilans Alimentaire","153","Nouvelle-Calédonie","674","Disponibilité de protéines en quantité (g/personne/jour)","2901","Total General","2018","2018","g/personne/jour","84.66","Fc","Donnée calculée"
"FBS","Nouveaux Bilans Alimentaire","156","Nouvelle-Zélande","674","Disponibilité de protéines en quantité (g/personne/jour)","2901","Total General","2018","2018","g/personne/jour","94.01","Fc","Donnée calculée"
"FBS","Nouveaux Bilans Alimentaire","221","Oman","674","Disponibilité de protéines en quantité (g/personne/jour)","2901","Total General","2018","2018","g/personne/jour","85.36","Fc","Donnée calculée"
"FBS","Nouveaux Bilans Alimentaire","226","Ouganda","674","Disponibilité de protéines en quantité (g/personne/jour)","2901","Total General","2018","2018","g/personne/jour","46.94","Fc","Donnée calculée"
"FBS","Nouveaux Bilans Alimentaire","235","Ouzbékistan","674","Disponibilité de protéines en quantité (g/personne/jour)","2901","Total General","2018","2018","g/personne/jour","93.27","Fc","Donnée calculée"
"FBS","Nouveaux Bilans Alimentaire","165","Pakistan","674","Disponibilité de protéines en quantité (g/personne/jour)","2901","Total General","2018","2018","g/personne/jour","67","Fc","Donnée calculée"
"FBS","Nouveaux Bilans Alimentaire","166","Panama","674","Disponibilité de protéines en quantité (g/personne/jour)","2901","Total General","2018","2018","g/personne/jour","80.38","Fc","Donnée calculée"
"FBS","Nouveaux Bilans Alimentaire","169","Paraguay","674","Disponibilité de protéines en quantité (g/personne/jour)","2901","Total General","2018","2018","g/personne/jour","69.4","Fc","Donnée calculée"
"FBS","Nouveaux Bilans Alimentaire","150","Pays-Bas","674","Disponibilité de protéines en quantité (g/personne/jour)","2901","Total General","2018","2018","g/personne/jour","106.69","Fc","Donnée calculée"
"FBS","Nouveaux Bilans Alimentaire","170","Pérou","674","Disponibilité de protéines en quantité (g/personne/jour)","2901","Total General","2018","2018","g/personne/jour","77.81","Fc","Donnée calculée"
"FBS","Nouveaux Bilans Alimentaire","171","Philippines","674","Disponibilité de protéines en quantité (g/personne/jour)","2901","Total General","2018","2018","g/personne/jour","62.54","Fc","Donnée calculée"
"FBS","Nouveaux Bilans Alimentaire","173","Pologne","674","Disponibilité de protéines en quantité (g/personne/jour)","2901","Total General","2018","2018","g/personne/jour","105.59","Fc","Donnée calculée"
"FBS","Nouveaux Bilans Alimentaire","70","Polynésie française","674","Disponibilité de protéines en quantité (g/personne/jour)","2901","Total General","2018","2018","g/personne/jour","96.28","Fc","Donnée calculée"
"FBS","Nouveaux Bilans Alimentaire","174","Portugal","674","Disponibilité de protéines en quantité (g/personne/jour)","2901","Total General","2018","2018","g/personne/jour","116.95","Fc","Donnée calculée"
"FBS","Nouveaux Bilans Alimentaire","37","République centrafricaine","674","Disponibilité de protéines en quantité (g/personne/jour)","2901","Total General","2018","2018","g/personne/jour","44.58","Fc","Donnée calculée"
"FBS","Nouveaux Bilans Alimentaire","117","République de Corée","674","Disponibilité de protéines en quantité (g/personne/jour)","2901","Total General","2018","2018","g/personne/jour","100.18","Fc","Donnée calculée"
"FBS","Nouveaux Bilans Alimentaire","146","République de Moldova","674","Disponibilité de protéines en quantité (g/personne/jour)","2901","Total General","2018","2018","g/personne/jour","61.64","Fc","Donnée calculée"
"FBS","Nouveaux Bilans Alimentaire","120","République démocratique populaire lao","674","Disponibilité de protéines en quantité (g/personne/jour)","2901","Total General","2018","2018","g/personne/jour","76.93","Fc","Donnée calculée"
"FBS","Nouveaux Bilans Alimentaire","56","République dominicaine","674","Disponibilité de protéines en quantité (g/personne/jour)","2901","Total General","2018","2018","g/personne/jour","66.31","Fc","Donnée calculée"
"FBS","Nouveaux Bilans Alimentaire","116","République populaire démocratique de Corée","674","Disponibilité de protéines en quantité (g/personne/jour)","2901","Total General","2018","2018","g/personne/jour","53.34","Fc","Donnée calculée"
"FBS","Nouveaux Bilans Alimentaire","215","République-Unie de Tanzanie","674","Disponibilité de protéines en quantité (g/personne/jour)","2901","Total General","2018","2018","g/personne/jour","58.93","Fc","Donnée calculée"
"FBS","Nouveaux Bilans Alimentaire","183","Roumanie","674","Disponibilité de protéines en quantité (g/personne/jour)","2901","Total General","2018","2018","g/personne/jour","109.24","Fc","Donnée calculée"
"FBS","Nouveaux Bilans Alimentaire","229","Royaume-Uni de Grande-Bretagne et d'Irlande du Nord","674","Disponibilité de protéines en quantité (g/personne/jour)","2901","Total General","2018","2018","g/personne/jour","103.92","Fc","Donnée calculée"
"FBS","Nouveaux Bilans Alimentaire","184","Rwanda","674","Disponibilité de protéines en quantité (g/personne/jour)","2901","Total General","2018","2018","g/personne/jour","59.13","Fc","Donnée calculée"
"FBS","Nouveaux Bilans Alimentaire","189","Sainte-Lucie","674","Disponibilité de protéines en quantité (g/personne/jour)","2901","Total General","2018","2018","g/personne/jour","85.82","Fc","Donnée calculée"
"FBS","Nouveaux Bilans Alimentaire","188","Saint-Kitts-et-Nevis","674","Disponibilité de protéines en quantité (g/personne/jour)","2901","Total General","2018","2018","g/personne/jour","77.05","Fc","Donnée calculée"
"FBS","Nouveaux Bilans Alimentaire","191","Saint-Vincent-et-les Grenadines","674","Disponibilité de protéines en quantité (g/personne/jour)","2901","Total General","2018","2018","g/personne/jour","90.18","Fc","Donnée calculée"
"FBS","Nouveaux Bilans Alimentaire","244","Samoa","674","Disponibilité de protéines en quantité (g/personne/jour)","2901","Total General","2018","2018","g/personne/jour","87.85","Fc","Donnée calculée"
"FBS","Nouveaux Bilans Alimentaire","193","Sao Tomé-et-Principe","674","Disponibilité de protéines en quantité (g/personne/jour)","2901","Total General","2018","2018","g/personne/jour","54.53","Fc","Donnée calculée"
"FBS","Nouveaux Bilans Alimentaire","195","Sénégal","674","Disponibilité de protéines en quantité (g/personne/jour)","2901","Total General","2018","2018","g/personne/jour","62.36","Fc","Donnée calculée"
"FBS","Nouveaux Bilans Alimentaire","272","Serbie","674","Disponibilité de protéines en quantité (g/personne/jour)","2901","Total General","2018","2018","g/personne/jour","84.36","Fc","Donnée calculée"
"FBS","Nouveaux Bilans Alimentaire","197","Sierra Leone","674","Disponibilité de protéines en quantité (g/personne/jour)","2901","Total General","2018","2018","g/personne/jour","51.02","Fc","Donnée calculée"
"FBS","Nouveaux Bilans Alimentaire","199","Slovaquie","674","Disponibilité de protéines en quantité (g/personne/jour)","2901","Total General","2018","2018","g/personne/jour","70.57","Fc","Donnée calculée"
"FBS","Nouveaux Bilans Alimentaire","198","Slovénie","674","Disponibilité de protéines en quantité (g/personne/jour)","2901","Total General","2018","2018","g/personne/jour","96.38","Fc","Donnée calculée"
"FBS","Nouveaux Bilans Alimentaire","276","Soudan","674","Disponibilité de protéines en quantité (g/personne/jour)","2901","Total General","2018","2018","g/personne/jour","72.98","Fc","Donnée calculée"
"FBS","Nouveaux Bilans Alimentaire","38","Sri Lanka","674","Disponibilité de protéines en quantité (g/personne/jour)","2901","Total General","2018","2018","g/personne/jour","65.23","Fc","Donnée calculée"
"FBS","Nouveaux Bilans Alimentaire","210","Suède","674","Disponibilité de protéines en quantité (g/personne/jour)","2901","Total General","2018","2018","g/personne/jour","105.56","Fc","Donnée calculée"
"FBS","Nouveaux Bilans Alimentaire","211","Suisse","674","Disponibilité de protéines en quantité (g/personne/jour)","2901","Total General","2018","2018","g/personne/jour","95.47","Fc","Donnée calculée"
"FBS","Nouveaux Bilans Alimentaire","207","Suriname","674","Disponibilité de protéines en quantité (g/personne/jour)","2901","Total General","2018","2018","g/personne/jour","60.73","Fc","Donnée calculée"
"FBS","Nouveaux Bilans Alimentaire","208","Tadjikistan","674","Disponibilité de protéines en quantité (g/personne/jour)","2901","Total General","2018","2018","g/personne/jour","54.25","Fc","Donnée calculée"
"FBS","Nouveaux Bilans Alimentaire","39","Tchad","674","Disponibilité de protéines en quantité (g/personne/jour)","2901","Total General","2018","2018","g/personne/jour","61.51","Fc","Donnée calculée"
"FBS","Nouveaux Bilans Alimentaire","167","Tchéquie","674","Disponibilité de protéines en quantité (g/personne/jour)","2901","Total General","2018","2018","g/personne/jour","86.98","Fc","Donnée calculée"
"FBS","Nouveaux Bilans Alimentaire","216","Thaïlande","674","Disponibilité de protéines en quantité (g/personne/jour)","2901","Total General","2018","2018","g/personne/jour","63.36","Fc","Donnée calculée"
"FBS","Nouveaux Bilans Alimentaire","176","Timor-Leste","674","Disponibilité de protéines en quantité (g/personne/jour)","2901","Total General","2018","2018","g/personne/jour","58.02","Fc","Donnée calculée"
"FBS","Nouveaux Bilans Alimentaire","217","Togo","674","Disponibilité de protéines en quantité (g/personne/jour)","2901","Total General","2018","2018","g/personne/jour","58.47","Fc","Donnée calculée"
"FBS","Nouveaux Bilans Alimentaire","220","Trinité-et-Tobago","674","Disponibilité de protéines en quantité (g/personne/jour)","2901","Total General","2018","2018","g/personne/jour","85.58","Fc","Donnée calculée"
"FBS","Nouveaux Bilans Alimentaire","222","Tunisie","674","Disponibilité de protéines en quantité (g/personne/jour)","2901","Total General","2018","2018","g/personne/jour","99.82","Fc","Donnée calculée"
"FBS","Nouveaux Bilans Alimentaire","213","Turkménistan","674","Disponibilité de protéines en quantité (g/personne/jour)","2901","Total General","2018","2018","g/personne/jour","88.62","Fc","Donnée calculée"
"FBS","Nouveaux Bilans Alimentaire","223","Turquie","674","Disponibilité de protéines en quantité (g/personne/jour)","2901","Total General","2018","2018","g/personne/jour","110.68","Fc","Donnée calculée"
"FBS","Nouveaux Bilans Alimentaire","230","Ukraine","674","Disponibilité de protéines en quantité (g/personne/jour)","2901","Total General","2018","2018","g/personne/jour","86.45","Fc","Donnée calculée"
"FBS","Nouveaux Bilans Alimentaire","234","Uruguay","674","Disponibilité de protéines en quantité (g/personne/jour)","2901","Total General","2018","2018","g/personne/jour","86.5","Fc","Donnée calculée"
"FBS","Nouveaux Bilans Alimentaire","155","Vanuatu","674","Disponibilité de protéines en quantité (g/personne/jour)","2901","Total General","2018","2018","g/personne/jour","63.95","Fc","Donnée calculée"
"FBS","Nouveaux Bilans Alimentaire","236","Venezuela (République bolivarienne du)","674","Disponibilité de protéines en quantité (g/personne/jour)","2901","Total General","2018","2018","g/personne/jour","54.17","Fc","Donnée calculée"
"FBS","Nouveaux Bilans Alimentaire","237","Viet Nam","674","Disponibilité de protéines en quantité (g/personne/jour)","2901","Total General","2018","2018","g/personne/jour","98.58","Fc","Donnée calculée"
"FBS","Nouveaux Bilans Alimentaire","249","Yémen","674","Disponibilité de protéines en quantité (g/personne/jour)","2901","Total General","2018","2018","g/personne/jour","54.52","Fc","Donnée calculée"
"FBS","Nouveaux Bilans Alimentaire","251","Zambie","674","Disponibilité de protéines en quantité (g/personne/jour)","2901","Total General","2018","2018","g/personne/jour","60.53","Fc","Donnée calculée"
"FBS","Nouveaux Bilans Alimentaire","181","Zimbabwe","674","Disponibilité de protéines en quantité (g/personne/jour)","2901","Total General","2018","2018","g/personne/jour","44.15","Fc","Donnée calculée"
